course_id,course_code,participants
18427,AR-123,208.0
7841,AR-101,270.0
10021,AR-102,201.0
15615,AR-113,223.0
16355,AR-114,259.0
16367,AR-119,255.0
16472,AR-128,236.0
16382,AR-129,251.0
16385,AR-154,256.0
16453,AR-155,206.0
14213,AR-201(a),40.0
8441,AR-201(g),42.0
14605,AR-201(m),38.0
16005,AR-201(o),29.0
17088,AR-201(q),37.0
17060,AR-201(r),37.0
14385,AR-202(a),36.0
10381,AR-202(g),43.0
15613,AR-202(m),38.0
16130,AR-202(o),28.0
17118,AR-202(q),37.0
17119,AR-202(r),37.0
14000,AR-211,203.0
16977,AR-212,211.0
14222,AR-219,205.0
10731,AR-225,204.0
9321,AR-226,214.0
15726,AR-241,212.0
15785,AR-242,213.0
16169,AR-264,208.0
14351,AR-301(a),6.0
17091,AR-301(ad),21.0
18231,AR-301(ah),9.0
18232,AR-301(aj),12.0
18233,AR-301(ak),15.0
18234,AR-301(am),13.0
18248,AR-301(an),5.0
18251,AR-301(ap),14.0
1311,AR-301(b),
16716,AR-301(h),6.0
16778,AR-301(j),23.0
16758,AR-301(k),14.0
16724,AR-301(n),5.0
16788,AR-301(p),24.0
14460,AR-302(a),6.0
17121,AR-302(ad),16.0
17124,AR-302(ag),5.0
17125,AR-302(ah),10.0
18317,AR-302(aj),14.0
18318,AR-302(ak),11.0
18319,AR-302(am),12.0
18320,AR-302(an),10.0
18321,AR-302(ao),12.0
2441,AR-302(b),9.0
16974,AR-302(h),5.0
16978,AR-302(j),10.0
16963,AR-302(k),27.0
16969,AR-302(n),21.0
16868,AR-327,28.0
15629,AR-339,96.0
15992,AR-340,140.0
16093,AR-341,132.0
18322,AR-347,144.0
15962,AR-362,127.0
14083,AR-365,134.0
14123,ENG-382,132.0
14310,ENG-383,
14469,MATH-126,228.0
9721,PENS-200,
15367,PENS-201,25.0
15370,PENS-211,30.0
15360,PENS-212,31.0
15605,PENS-216,32.0
15864,PENS-217,31.0
15862,PENS-219,25.0
16460,PENS-222,36.0
16973,PENS-224,33.0
16965,PENS-225,30.0
17206,PENS-226,9.0
18411,PENS-227,29.0
18412,PENS-228,28.0
18413,PENS-229,28.0
18414,PENS-230,28.0
12281,PENS-304,31.0
13828,PENS-307,28.0
16110,PENS-308,23.0
14381,PENS-309,35.0
3371,PENS-313,22.0
15630,PENS-315,29.0
16981,PENS-316,20.0
16971,PENS-317,26.0
16961,PENS-318,36.0
17207,PENS-319,32.0
17208,PENS-320,28.0
14252,AR-401(a),8.0
17049,AR-401(ad),12.0
18268,AR-401(ah),18.0
18301,AR-401(aj),13.0
18269,AR-401(ak),8.0
18254,AR-401(am),12.0
18303,AR-401(an),12.0
18281,AR-401(ap),10.0
14689,AR-401(b),17.0
15773,AR-401(h),10.0
16026,AR-401(j),11.0
16756,AR-401(k),12.0
16761,AR-401(n),15.0
15262,AR-401(z),19.0
15894,AR-402(a),7.0
17110,AR-402(ad),17.0
17113,AR-402(ag),15.0
17114,AR-402(ah),19.0
18323,AR-402(aj),11.0
18324,AR-402(ak),4.0
18325,AR-402(am),13.0
18326,AR-402(an),14.0
18327,AR-402(ao),13.0
15127,AR-402(b),14.0
16147,AR-402(h),6.0
16102,AR-402(j),25.0
16976,AR-402(k),6.0
16984,AR-402(n),11.0
15048,AR-416,31.0
16144,AR-417,2.0
16982,AR-419,67.0
15632,AR-428,55.0
14133,AR-430,83.0
15133,AR-433,17.0
11261,AR-434,48.0
14368,AR-435,9.0
11451,AR-439,28.0
9931,AR-440,25.0
7951,AR-442,47.0
14911,AR-449,30.0
14075,AR-453,41.0
11401,AR-455,
4591,AR-456,1.0
13927,AR-458,46.0
16869,AR-463,3.0
5901,AR-465,40.0
8401,AR-466,13.0
4111,AR-471,20.0
15259,AR-480,27.0
16360,AR-481,64.0
15247,AR-483,2.0
15249,AR-484,98.0
15584,AR-485,17.0
8741,AR-489,50.0
14009,AR-491,65.0
13918,AR-492,34.0
15878,AR-496,43.0
15745,AR-497,63.0
15702,AR-498,58.0
17065,AR-503,32.0
17132,AR-506,89.0
17133,AR-507,29.0
17134,AR-508,6.0
17063,AR-515,28.0
18328,AR-516,138.0
18329,AR-517,2.0
18291,AR-518,175.0
18330,AR-519,26.0
18295,AR-523,17.0
18331,AR-525,33.0
18332,AR-527,13.0
18289,AR-529,45.0
18258,AR-530,67.0
18333,AR-531,45.0
18280,AR-532,13.0
16240,AR-597(a),129.0
14756,AR-598,126.0
16966,AR-598(b),3.0
16814,AR-599,65.0
15359,PENS-490,61.0
15362,PENS-491,34.0
15366,PENS-494,2.0
15696,CH-108(a),
15825,CH-109(a),
15739,CH-110,162.0
18377,CH-110(erc),164.0
15867,CH-120,92.0
18263,CH-160(f),109.0
18336,CH-200,96.0
7621,CH-210,
16353,CH-220,29.0
14633,CH-221,77.0
9461,CH-222,
16051,CH-223,77.0
14703,CH-230,86.0
11651,CH-233,80.0
16364,CH-234,35.0
15848,CH-242(b),81.0
2381,CH-244,
14253,CH-250,
10921,CH-301,
9971,CH-309,
15930,CH-310,59.0
14007,CH-311,35.0
14008,CH-312,23.0
15521,CH-313,29.0
15945,CH-314,
16372,CH-315,57.0
16125,CH-317,
14444,CH-319,
14720,CH-329,19.0
14462,CH-332,2.0
15416,CH-334,
13767,CH-335,
16100,CH-340,14.0
3511,CH-343,
16180,CH-349,
10441,CH-351,
11471,CH-352,
14818,CH-353,28.0
14952,CH-359,14.0
16112,CH-390,0.0
16231,CH-TP_Video_Public,
11761,ChE-201,83.0
13938,ChE-203,81.0
15322,ChE-204,89.0
15094,ChE-304,59.0
13936,ChE-309,37.0
15847,ChE-310,42.0
13908,ChE-311,46.0
16465,ChE-312,49.0
15138,ChE-320,41.0
15476,ChE-330,35.0
15720,ChE-340,35.0
13798,ChimTP1_redoublants,
14130,ChimTP1_TP2-assistants,
15710,ChTP_Vid√©o,
14100,MATH-111(g),244.0
13903,ME-323,32.0
13790,UNIL-103,
13791,UNIL-104,
18337,CH-400,35.0
14461,CH-401,16.0
18284,CH-407,49.0
15860,CH-410,
14443,CH-411,12.0
15092,CH-412,3.0
18417,CH-413,
15954,CH-417,22.0
15626,CH-419,35.0
15587,CH-420,28.0
8461,CH-421,
16387,CH-422,35.0
14950,CH-424,16.0
15152,CH-426,17.0
15150,CH-427,16.0
15018,CH-431,4.0
11421,CH-432,
13919,CH-435,41.0
10391,CH-438,
15002,CH-442,27.0
15073,CH-448,14.0
15762,CH-450,42.0
14635,CH-452,30.0
15086,CH-453,38.0
17027,CH-455,37.0
17015,CH-456,10.0
17137,CH-457,35.0
18338,CH-480,44.0
14534,CH-491,29.0
14688,CH-492,45.0
15256,CH-590,19.0
16029,CH-599,15.0
9401,ChE-402,
6301,ChE-403,
15704,ChE-407,83.0
15820,ChE-408,20.0
14085,ChE-409,
14942,ChE-410,28.0
13201,ChE-411,29.0
15270,ChE-413,36.0
15319,ChE-414,22.0
15549,ChE-430,29.0
16215,ChE-433,19.0
16365,ChE-436,34.0
13907,ChE-437,9.0
15153,ChE-459,52.0
14792,ChE-460,3.0
16034,ChE-596,9.0
14727,ChE-599,24.0
13901,ENG-430,59.0
14198,ENG-431,
15240,ENG-433,74.0
5061,MSE-431,
2781,MSE-437,
14892,ChTP_Modop,
5501,UNIL-101,
17231,UNIL-105,41.0
14687,UNIL-106,
18423,UNIL-106(d),73.0
14696,UNIL-107,55.0
14931,UNIL-108,3.0
14191,UNIL-112,
15714,UNIL-113,35.0
14614,UNIL-114,24.0
14690,UNIL-118,11.0
14806,UNIL-119,272.0
13729,UNIL-122,
15823,UNIL-123,
15116,UNIL-125,
18439,UNIL-128,
16119,UNIL-129,51.0
14510,UNIL-130,15.0
15175,UNIL-131,3.0
14919,UNIL-132,
15782,UNIL-133,
18415,UNIL-134,32.0
16338,UNIL-160,
7281,UNIL-208,103.0
16403,UNIL-210,10.0
15097,UNIL-301,
14731,UNIL-303,
16456,DH-500,45.0
16362,MGT-200,86.0
18428,FIN-413,73.0
13581,FIN-401,130.0
14318,FIN-403,
7331,FIN-404,
9371,FIN-405,
6261,FIN-406,
14147,FIN-407,105.0
14256,FIN-411,95.0
15475,FIN-414,66.0
15743,FIN-415,141.0
15736,FIN-416,54.0
15768,FIN-417,64.0
16781,FIN-419,32.0
16932,FIN-420,70.0
18259,FIN-423,24.0
16655,FIN-429,44.0
18298,FIN-474,20.0
6311,FIN-503,
13571,FIN-522,63.0
6271,FIN-523,
15356,FIN-525,59.0
18376,FIN-598,1.0
18373,FIN-599,30.0
15504,FIN-599(pm),73.0
14863,MGT-400,48.0
14042,MGT-401,36.0
12801,MGT-404,39.0
18309,MGT-406,32.0
14101,MGT-408,56.0
15607,MGT-410,39.0
15588,MGT-413,
14741,MGT-414,37.0
15501,MGT-416,6.0
15500,MGT-417,39.0
15778,MGT-418,115.0
16775,MGT-420,49.0
17043,MGT-422,4.0
18361,MGT-423,94.0
14964,MGT-426,164.0
14656,MGT-427,295.0
18275,MGT-431,46.0
15320,MGT-432,41.0
16348,MGT-448,36.0
18362,MGT-450,83.0
13995,MGT-454,139.0
14398,MGT-455,66.0
17046,MGT-462,65.0
17058,MGT-464,62.0
3311,MGT-466,52.0
13851,MGT-468,
3321,MGT-469,46.0
17064,MGT-475,37.0
16659,MGT-476,39.0
16660,MGT-477,38.0
13884,MGT-482,111.0
14118,MGT-483,95.0
14329,MGT-484,88.0
16656,MGT-487,38.0
16657,MGT-488,37.0
15594,MGT-490,0.0
16644,MGT-493,
16648,MGT-494,49.0
16650,MGT-495,42.0
16652,MGT-498,78.0
17022,MGT-499,
17023,MGT-502,46.0
16728,MGT-510,36.0
14112,MGT-526,
17233,MGT-530,37.0
16755,MGT-532,69.0
16760,MGT-533,39.0
16749,MGT-534,34.0
16734,MGT-535,34.0
17183,MGT-536,1.0
18299,MGT-537,0.0
18297,MGT-538,0.0
18288,MGT-540,0.0
18266,MGT-541,0.0
18285,MGT-542,0.0
15983,MGT-555,58.0
18264,MGT-556,0.0
18249,MGT-557,0.0
16661,MGT-579,36.0
14425,MGT-581,65.0
18371,MGT-589,29.0
17184,MGT-589(pm),45.0
14638,MGT-597,2.0
18372,MGT-599,23.0
14615,MGT-599(pm),86.0
15783,CMS-BV,302.0
15784,MAN-BV,
14749,PREPA-001,284.0
15182,PREPA-002,184.0
14541,PREPA-003,283.0
15045,PREPA-004,179.0
14846,PREPA-005,284.0
15155,PREPA-006,180.0
14906,PREPA-012,178.0
14713,PREPA-013,281.0
15185,PREPA-014,179.0
14848,PREPA-021,281.0
15142,PREPA-022,
16371,PREPA-025,283.0
16469,PREPA-026,180.0
15631,PREPA-031(a),798.0
15580,PREPA-031(b),766.0
15619,PREPA-032(a),805.0
15842,PREPA-033,763.0
16771,PREPA-050,15.0
16744,PREPA-052,2.0
16739,PREPA-053,14.0
16736,PREPA-054,11.0
16742,PREPA-055,11.0
16747,PREPA-056,1.0
16725,PREPA-057,1.0
16777,PREPA-058,1.0
16767,PREPA-059,1.0
16726,PREPA-060,0.0
16737,PREPA-061,1.0
16787,PREPA-062,0.0
16617,PREPA-090,53.0
16618,PREPA-091,363.0
16875,PREPA-092,236.0
16876,PREPA-093,
16877,PREPA-094,459.0
16410,MICRO-631,
17012,MICRO-632,
10041,BIO-664,
14878,BIO-687,31.0
15399,BIO-714,14.0
15674,BIO-686(A),
15384,BIO-692,8.0
18402,ENV-621,16.0
18387,CIVIL-611,26.0
16080,CIVIL-606,
13848,CIVIL-704,
16992,ENV-610,28.0
16204,ENV-614,
18144,ENV-723,10.0
16391,ENV-724,23.0
14115,MATH-611,63.0
18382,CH-636,19.0
10531,CH-602,
10521,CH-603,
16830,CH-632,27.0
16615,CH-633,19.0
16217,CH-634,42.0
17174,CH-635,18.0
12891,CH-708,3.0
15390,CH-728,
16407,ChE-601,16.0
17173,ChE-605,24.0
16202,ChE-609(1),
16424,ChE-609(4),8.0
16623,ENG-613(2),12.0
18441,EE-712,13.0
18383,EE-626,29.0
16835,EE-600,22.0
16062,EE-608,23.0
16399,EE-611,26.0
15394,EE-612,
16819,EE-613,39.0
15887,EE-618,9.0
16270,EE-619,32.0
14143,EE-715,
17017,EE-719,19.0
16874,EE-724,12.0
14142,EE-726,27.0
15703,EE-733,30.0
17204,EE-735,70.0
18211,EE-805,39.0
16836,ENG-601,16.0
16408,ENG-618,23.0
15192,ME-602,
16198,FIN-608,63.0
11201,FIN-609,50.0
18447,CS-628,31.0
18419,CS-629,25.0
16194,COM-621,27.0
16404,COM-622,17.0
18142,CS-625,49.0
18088,CS-626,28.0
16388,CS-702,28.0
18444,MATH-658,5.0
18386,MATH-655,26.0
17165,MATH-602,33.0
18145,MATH-613,17.0
17166,MATH-614,30.0
16197,ME-623,16.0
16398,ME-716,28.0
15682,MICRO-602,31.0
15803,MICRO-605,28.0
16412,MICRO-611,23.0
14479,MICRO-614,26.0
14103,MICRO-617,22.0
14477,MICRO-618,21.0
15796,MICRO-621,48.0
15683,MICRO-623,18.0
15804,MICRO-624,
15660,MICRO-706,42.0
16636,MICRO-707,18.0
16635,MICRO-718,25.0
15473,MICRO-724,28.0
18212,BIO-693,35.0
16936,BIO-643,21.0
15791,BIO-698,23.0
2511,BIO-701,
13994,MGT-621,17.0
18399,MSE-609,16.0
16411,MSE-636(b),
16638,MSE-637(b),
16262,MSE-649,12.0
17031,MSE-655,33.0
17032,MSE-656,20.0
17220,MSE-663,50.0
17221,MSE-667,28.0
18397,MSE-669,26.0
17175,MSE-670,20.0
15529,MSE-703,28.0
16228,MSE-704,14.0
16706,MSE-735,17.0
18219,MSE-805,36.0
17236,BIO-612,44.0
17158,EE-624,36.0
16993,MICRO-608,28.0
15661,MICRO-722,18.0
16416,PHYS-607,18.0
13972,PHYS-609,17.0
13271,PHYS-610,9.0
18388,PHYS-619,24.0
16189,PHYS-637,14.0
18312,PHYS-761,15.0
16394,PHYS-640,18.0
16396,PHYS-641,103.0
16614,PHYS-642,6.0
16823,PHYS-643,16.0
17018,PHYS-645,33.0
15566,PHYS-702,28.0
15376,PHYS-726,3.0
17212,PHYS-734,86.0
14377,PHYS-736,53.0
15527,PHYS-739,28.0
15528,PHYS-741,15.0
16069,PHYS-743,54.0
15689,PHYS-744,57.0
15722,PHYS-745,19.0
16639,PHYS-747,20.0
16610,PHYS-751,10.0
16820,PHYS-754,20.0
18201,PHYS-760,29.0
16205,ENG-606(a),
252,ENG-615,77.0
17170,ENG-639,31.0
18395,ENG-642,19.0
18316,ENG-641,19.0
16641,ENG-610,
16828,ENG-616,
15372,ENG-624,51.0
15383,ENG-629,9.0
15537,ENG-632,42.0
15798,ENG-633,18.0
16406,MGT-641,54.0
18115,MICRO-633,19.0
18440,2024,
18407,LAPD-101,19.0
18404,C4DT-DigiTRUST,
16056,AISTS,9.0
16634,C4DT-FICT(2021),
17010,C4DT-FICT(2022),
13921,Connecting,
15278,CPS,
13970,EffTeach,13.0
15657,FlipClass,
15667,FormCont,14.0
17200,GSCP-106,
13841,IML-IndProdSyst,3.0
4801,IML-XBG,
15277,MATLAB,2.0
13976,Quiz,153.0
15211,UAV,
14820,CIVIL-122,98.0
15093,CIVIL-123,65.0
12521,CIVIL-124,
14140,CIVIL-203,
15043,CIVIL-210,67.0
17117,CIVIL-211,75.0
16383,CIVIL-212,73.0
15067,CIVIL-224,80.0
14317,CIVIL-225,
16461,CIVIL-226,75.0
7101,CIVIL-235,
16346,CIVIL-238,69.0
14026,CIVIL-306,51.0
15795,CIVIL-307,
14676,CIVIL-308,
17076,CIVIL-309,1.0
10261,CIVIL-312,
9081,CIVIL-321,
18217,CIVIL-323,
18339,CIVIL-324,58.0
14233,CIVIL-331,51.0
17141,CIVIL-332,25.0
18340,CIVIL-335,18.0
17074,CIVIL-349,50.0
17140,CIVIL-355,
15346,CIVIL-369,38.0
16030,CIVIL-390,37.0
16757,CIVIL-390(b),1.0
4081,ENV-342,
13922,MATH-123(b),74.0
8991,CIVIL-402,
14499,CIVIL-403,23.0
10401,CIVIL-404,
5601,CIVIL-410,
5611,CIVIL-411,
13161,CIVIL-413,11.0
15634,CIVIL-414,34.0
15949,CIVIL-423,16.0
15967,CIVIL-424,18.0
17139,CIVIL-425,16.0
17052,CIVIL-426,32.0
18341,CIVIL-427,0.0
15131,CIVIL-428,10.0
14775,CIVIL-430,40.0
14234,CIVIL-433,31.0
327,CIVIL-438,
9071,CIVIL-443,
15653,CIVIL-444,15.0
15255,CIVIL-449,
15866,CIVIL-450,0.0
2191,CIVIL-454,12.0
16020,CIVIL-455,19.0
7471,CIVIL-457,
15600,CIVIL-459,96.0
15880,CIVIL-460,22.0
16043,CIVIL-463,32.0
16437,CIVIL-464,19.0
16373,CIVIL-465,5.0
17138,CIVIL-466,19.0
18246,CIVIL-468,55.0
18277,CIVIL-469,27.0
18261,CIVIL-470,0.0
16344,CIVIL-475,40.0
14537,CIVIL-490,40.0
14589,CIVIL-491,23.0
14817,CIVIL-492,29.0
16037,CIVIL-493,4.0
18342,CIVIL-496,18.0
16753,CIVIL-510,15.0
18213,CIVIL-511,
18343,CIVIL-512,40.0
15070,CIVIL-515,5.0
12511,CIVIL-522,37.0
8901,CIVIL-526,32.0
8941,CIVIL-527,2.0
14408,CIVIL-530,21.0
18344,CIVIL-534,17.0
15132,CIVIL-557,18.0
14826,CIVIL-597,43.0
14700,CIVIL-598,26.0
16972,CIVIL-598(b),12.0
14765,CIVIL-599,49.0
721,ENG-445,
14243,ENG-470,26.0
7551,ENG-471,9.0
3411,ENG-474,
18434,MATH-251(b),126.0
541,EE-100,
17159,EE-101,
15926,EE-111,61.0
14046,EE-200,95.0
14047,EE-201,95.0
15976,EE-202,262.0
15601,EE-203,259.0
14380,EE-205,85.0
451,EE-208,85.0
16941,EE-209,260.0
7851,EE-310,106.0
16090,EE-311,88.0
16942,EE-312,68.0
13762,EE-320,46.0
15809,EE-330,
15051,EE-333,38.0
13831,EE-334,85.0
16712,EE-336,142.0
11731,EE-342,34.0
11831,EE-345,34.0
14707,EE-348,23.0
13541,EE-350,
13731,EE-360,46.0
15068,EE-361,35.0
14959,EE-365,46.0
14793,EE-370,13.0
13744,EE-371,27.0
14600,EE-382,164.0
16115,EE-390(a),24.0
16176,EE-390(b),27.0
16142,EE-390(c),29.0
14866,EE-399,27.0
16745,EE-399(b),2.0
3701,ENG-209,
15843,MSE-101(b),314.0
15635,COM-490,
17062,EE-406,42.0
17042,EE-407,22.0
16783,EE-411,51.0
17094,EE-424,45.0
17051,EE-426,15.0
17054,EE-427,37.0
14076,EE-429,64.0
445,EE-431,26.0
13905,EE-440,
14349,EE-442,55.0
14645,EE-445,14.0
5091,EE-451,
16943,EE-452,65.0
14266,EE-456,27.0
14729,EE-465,
14652,EE-466,44.0
14953,EE-470,35.0
14163,EE-472,67.0
16082,EE-473,53.0
14780,EE-490(a),10.0
119,EE-490(b),92.0
15290,EE-490(c),13.0
14772,EE-490(e),20.0
14357,EE-490(f),
14012,EE-490(g),33.0
16779,EE-490(i),27.0
17081,EE-490(j),9.0
15729,EE-491,18.0
15285,EE-492(a),10.0
15287,EE-492(b),4.0
16084,EE-492(c),2.0
15286,EE-492(d),3.0
15288,EE-492(e),9.0
15284,EE-492(f),1.0
15291,EE-492(g),3.0
15761,EE-492(h),5.0
15670,EE-493,2.0
16720,EE-493(b),1.0
2571,EE-511,
4141,EE-512,
14227,EE-517,28.0
14422,EE-518,32.0
16146,EE-522,19.0
17145,EE-523,1.0
18245,EE-524,2.0
18352,EE-526,97.0
14374,EE-535,50.0
14330,EE-536,
13914,EE-543,7.0
14694,EE-548,19.0
333,EE-550,5.0
14662,EE-554,26.0
14580,EE-555,8.0
14220,EE-556,85.0
15349,EE-557,85.0
15422,EE-559,224.0
15076,EE-565,24.0
15846,EE-566,40.0
15872,EE-567,23.0
18353,EE-568,130.0
15157,EE-570,38.0
14029,EE-575,8.0
13819,EE-576,32.0
4961,EE-580,
16099,EE-582,39.0
14343,EE-584,
227,EE-585,128.0
14659,EE-588,19.0
14502,EE-589,22.0
15386,EE-593,3.0
15774,EE-594,27.0
16066,EE-595,19.0
14698,EE-596(a),5.0
15190,EE-597,10.0
14554,EE-597(a),0.0
14823,EE-598,1.0
14509,EE-599,33.0
16133,EE-599(a),2.0
16179,EE-599(b),0.0
16028,EE-599(c),3.0
16621,EE-599(d),32.0
16944,ENG-510,37.0
16284,ME-409,132.0
13231,ME-425,
18239,ME-232,314.0
14019,EE-106,542.0
14298,EE-280,171.0
16076,JPT-101,228.0
11121,ME-101,870.0
13923,ME-102,639.0
15801,ME-104,431.0
14678,ME-106,311.0
15000,ME-107,230.0
14954,ME-201,325.0
14068,ME-202,319.0
285,ME-212,312.0
15906,ME-213,282.0
13902,ME-221,317.0
14013,ME-251,326.0
16288,ME-273,49.0
17181,ME-280,330.0
14912,ME-301,
15312,ME-303,56.0
13944,ME-311,162.0
16171,ME-314,139.0
17047,ME-320,178.0
13758,ME-321,235.0
15663,ME-324,29.0
13929,ME-331,165.0
14241,ME-332,166.0
14915,ME-341,194.0
14267,ME-342,
9231,ME-343,
17222,ME-351,35.0
249,ME-371,
14242,ME-372,174.0
13949,ME-373,100.0
15576,ME-380,26.0
17072,ME-390,184.0
14669,ME-401,99.0
14624,ME-402,47.0
15231,ME-403,
15261,ME-410,39.0
15853,ME-411,45.0
15749,ME-413,
48,ME-419,57.0
14290,ME-421,55.0
15777,ME-422,86.0
15503,ME-426,73.0
15417,ME-427,100.0
16953,ME-428,71.0
17182,ME-429,45.0
11481,ME-435,
15857,ME-436,92.0
15935,ME-437,2.0
15081,ME-443,
14373,ME-444,
14543,ME-446,27.0
14683,ME-450,21.0
141,ME-451,
14265,ME-453,106.0
11,ME-454,
6911,ME-459,
6921,ME-460,76.0
14365,ME-462,33.0
14441,ME-464,42.0
14406,ME-465,23.0
14646,ME-466,44.0
14488,ME-467,46.0
16351,ME-468,29.0
16413,ME-469,18.0
126,ME-474,
16743,ME-480,
1201,ME-482,
14383,ME-484,36.0
15850,ME-498,54.0
12571,ME-516,105.0
14274,ME-523,50.0
15024,ME-524,67.0
5771,ME-551,
14808,ME-597,46.0
14719,ME-599,85.0
15838,COM-102,
15698,COM-112(a),307.0
18253,COM-202,224.0
14728,COM-301,270.0
15897,COM-302,100.0
15139,COM-303,110.0
18345,COM-304,31.0
18380,COM-307,75.0
15272,CS-101,655.0
14847,CS-107,
15087,CS-108,433.0
5571,CS-112(g),344.0
5981,CS-112(i),
15816,CS-119(a),445.0
15707,CS-119(c),375.0
6831,CS-119(c),407.0
14002,CS-119(c),404.0
14023,CS-119(d),525.0
15751,CS-119(g),257.0
15727,CS-119(h),183.0
15817,CS-119(k),179.0
18418,CS-173,461.0
18287,CS-200,331.0
18346,CS-202,471.0
18408,CS-206,9.0
16439,CS-213,
18270,CS-214,426.0
16071,CS-233,484.0
15738,CS-234,156.0
13768,CS-250,585.0
14459,CS-251,77.0
18348,CS-300,223.0
18349,CS-302,1.0
18290,CS-304,43.0
14561,CS-307,
15012,CS-308,120.0
18350,CS-311,
16058,CS-323,194.0
15232,CS-328,246.0
456,CS-330,
14159,CS-341,
16880,CS-358,37.0
14674,CS-398,22.0
14411,MATH-232,418.0
14593,COM-404,51.0
15508,COM-406,74.0
15496,COM-412,97.0
14498,COM-416,16.0
16881,COM-418,5.0
15433,COM-430,17.0
15487,COM-480,174.0
14770,COM-507,6.0
15502,COM-508,35.0
15541,COM-596,44.0
16036,COM-597,7.0
15891,COM-598,105.0
14525,COM-599,31.0
15268,CS-401,638.0
14248,CS-411,61.0
15845,CS-412,117.0
15036,CS-413,49.0
13857,CS-420,70.0
16434,CS-421,5.0
4051,CS-423,138.0
288,CS-430,
14940,CS-431,68.0
14221,CS-433,571.0
18310,CS-438,117.0
15623,CS-439,87.0
9291,CS-440,92.0
6841,CS-444,102.0
15592,CS-448,1.0
13734,CS-450,108.0
14333,CS-451,133.0
8061,CS-452,
14334,CS-453,78.0
15164,CS-455,1.0
15633,CS-456,202.0
16707,CS-457,45.0
16970,CS-458,4.0
17067,CS-459,41.0
17142,CS-460,220.0
15017,CS-470,
14679,CS-471,41.0
14055,CS-472,
1231,CS-473,37.0
18425,CS-476,85.0
15822,CS-486,36.0
15946,CS-496,67.0
14503,CS-498,135.0
18278,CS-500,36.0
18267,CS-502,148.0
16735,CS-503,66.0
18286,CS-510,29.0
14724,CS-522,34.0
15769,CS-523,117.0
16358,CS-524,27.0
15883,CS-526,29.0
13051,CS-550,46.0
17143,CS-552,364.0
16072,CS-594,14.0
14771,CS-595,65.0
14752,CS-596,42.0
16137,CS-597,43.0
14538,CS-599,144.0
14150,EE-105,
13978,ME-105,108.0
6251,MSE-100,
15748,MSE-101(a),581.0
15874,MSE-171,74.0
14331,MSE-203,42.0
15706,MSE-204,40.0
15035,MSE-205,33.0
1981,MSE-206,
9941,MSE-210,
15029,MSE-211,42.0
15884,MSE-212,42.0
15977,MSE-214,186.0
16148,MSE-215,186.0
16721,MSE-234,303.0
14553,MSE-236,37.0
16431,MSE-237,41.0
18410,MSE-238,37.0
15819,MSE-302,21.0
11291,MSE-304,27.0
16954,MSE-305,29.0
16955,MSE-306,24.0
343,MSE-310,
14907,MSE-311,36.0
15183,MSE-322,25.0
14744,MSE-326,27.0
14691,MSE-340,51.0
17176,MSE-341,47.0
3901,MSE-352,
14801,MSE-360,35.0
17097,MSE-362,18.0
15758,MSE-369,25.0
17190,MSE-371,24.0
14597,MSE-390,22.0
16838,MSE-390(b),0.0
14995,MSE-351,16.0
14695,MSE-420,17.0
15075,MSE-421,
14701,MSE-422,71.0
18242,MSE-423,72.0
14869,MSE-424,65.0
14640,MSE-425,67.0
14546,MSE-430,64.0
15219,MSE-432,27.0
17191,MSE-435,0.0
14786,MSE-440,54.0
14725,MSE-441,27.0
16294,MSE-442,0.0
14451,MSE-450,37.0
14904,MSE-463,118.0
15129,MSE-464,68.0
16441,MSE-465,21.0
14974,MSE-466,
18445,MSE-468,55.0
15248,MSE-470(a),54.0
15327,MSE-470(b),21.0
15446,MSE-471,5.0
14899,MSE-474,78.0
15471,MSE-477,47.0
16872,MSE-482,19.0
18260,MSE-483,24.0
14865,MSE-484,
14726,MSE-485,83.0
15102,MSE-486,39.0
17192,MSE-487,20.0
18282,MSE-489,0.0
15526,MSE-490,62.0
15524,MSE-491,39.0
15525,MSE-492,13.0
14641,MSE-597,25.0
14623,MSE-599,40.0
14745,MATH-100(a),231.0
14839,MATH-101(a),280.0
15438,MATH-101(c),473.0
14052,MATH-101(d),312.0
335,MATH-101(de),
14840,MATH-101(e),500.0
14566,MATH-101(en),114.0
14721,MATH-101(f),273.0
14005,MATH-101(g),289.0
18272,MATH-101(ol),60.0
16766,MATH-101(pi),160.0
18398,MATH-105(a),165.0
15014,MATH-105(b),225.0
18416,MATH-106(a),134.0
17211,MATH-106(b),449.0
14837,MATH-106(c),288.0
15027,MATH-106(e),435.0
18141,MATH-106(en),136.0
17232,MATH-106(f),277.0
14876,MATH-110(a),
13721,MATH-110(b),362.0
15437,MATH-111(a),271.0
15705,MATH-111(c),475.0
15690,MATH-111(e),455.0
14653,MATH-111(en),209.0
8961,MATH-111(f),229.0
15414,MATH-111(pi),189.0
16384,MATH-113,228.0
14157,MATH-115(a),163.0
14520,MATH-124,298.0
15149,MATH-131,
15780,MATH-189,
14608,MATH-200,91.0
14774,MATH-201,105.0
15715,MATH-202(c),448.0
14658,MATH-203(a),386.0
8391,MATH-203(b),346.0
15716,MATH-203(c),258.0
15810,MATH-205,102.0
16480,MATH-207(a),324.0
15038,MATH-207(c),453.0
15556,MATH-207(d),368.0
15439,MATH-211,
16161,MATH-212,180.0
16751,MATH-213,103.0
15818,MATH-215,98.0
14522,MATH-220,102.0
15055,MATH-225,63.0
15447,MATH-230,102.0
14271,MATH-234(a),
15298,MATH-234(b),
18431,MATH-234(d),311.0
10071,MATH-240,97.0
15552,MATH-250,
14040,MATH-251(a),
18223,MATH-251(e),313.0
16448,MATH-260(a),141.0
16050,MATH-261,98.0
14491,MATH-265,280.0
14564,MATH-301,3.0
14610,MATH-303,57.0
15482,MATH-305,35.0
15441,MATH-310,258.0
10711,MATH-311,46.0
15350,MATH-313,25.0
15440,MATH-314,44.0
11981,MATH-317,46.0
14446,MATH-319,5.0
14278,MATH-322,37.0
18429,MATH-323,39.0
15984,MATH-327,34.0
16443,MATH-328,44.0
16464,MATH-329,51.0
15013,MATH-330,53.0
15811,MATH-332,71.0
15428,MATH-333,2.0
16436,MATH-334,1.0
15824,MATH-335,
16462,MATH-336,59.0
16717,MATH-337,45.0
18420,MATH-338,40.0
15393,MATH-342,100.0
17150,MATH-344,37.0
15110,MATH-351,59.0
17073,MATH-352,77.0
14980,MATH-360,99.0
14370,MATH-381,46.0
15899,MATH-397,
15951,MATH-421,17.0
18430,MATH-431,40.0
14577,MATH-318,30.0
15444,MATH-341,81.0
16379,MATH-403,6.0
16209,MATH-404,33.0
15159,MATH-405,30.0
15656,MATH-408,30.0
15505,MATH-410,21.0
15454,MATH-412,52.0
18405,MATH-413,119.0
15466,MATH-414,
14990,MATH-416,20.0
15095,MATH-417,3.0
14045,MATH-422,1.0
16107,MATH-426,3.0
16162,MATH-429,51.0
14716,MATH-432,45.0
14548,MATH-434,1.0
16213,MATH-436,30.0
15331,MATH-437,22.0
15237,MATH-438,43.0
14238,MATH-442,1.0
12711,MATH-444,
14574,MATH-447,6.0
16185,MATH-448,31.0
16207,MATH-449,33.0
16208,MATH-450,52.0
14037,MATH-451,
15196,MATH-453,
13817,MATH-454,46.0
8411,MATH-456,
13471,MATH-458,
14345,MATH-459,29.0
1001,MATH-463,
16291,MATH-468,4.0
15078,MATH-470,38.0
15974,MATH-473,2.0
16290,MATH-474,0.0
16421,MATH-476,2.0
17178,MATH-478,4.0
16211,MATH-479,2.0
15879,MATH-482,
16345,MATH-483,1.0
17179,MATH-485,22.0
15833,MATH-486,23.0
17180,MATH-487,22.0
16131,MATH-488,0.0
14353,MATH-489,
16467,MATH-492,2.0
15590,MATH-493,267.0
16091,MATH-494,2.0
16950,MATH-496,0.0
16696,MATH-497,2.0
14579,MATH-498,55.0
18255,MATH-500,
16230,MATH-502,17.0
16458,MATH-504,33.0
18300,MATH-505,22.0
16337,MATH-510,21.0
16242,MATH-511,20.0
16445,MATH-512,6.0
16818,MATH-513,0.0
16708,MATH-514,12.0
16697,MATH-515,0.0
16951,MATH-516,28.0
16763,MATH-517,43.0
16952,MATH-518,38.0
16938,MATH-519,3.0
17041,MATH-520,35.0
18359,MATH-521,25.0
17163,MATH-530,19.0
16449,MATH-535,16.0
18294,MATH-540,16.0
17164,MATH-560,14.0
17093,MATH-561,3.0
17059,MATH-562,40.0
17083,MATH-563,18.0
17197,MATH-580,8.0
18409,MATH-590,5.0
14581,MATH-591,40.0
14807,MATH-592,21.0
14685,MATH-595,16.0
16033,MATH-596,8.0
16032,MATH-597,9.0
14822,MATH-598,36.0
14619,MATH-599,70.0
15718,MATH-111(d),278.0
16357,MICRO-100,349.0
16473,MICRO-101,258.0
15829,MICRO-110,247.0
10781,MICRO-200,187.0
13924,MICRO-201,
450,MICRO-210,182.0
15241,MICRO-301,142.0
1021,MICRO-310(a),
14934,MICRO-311(a),
15071,MICRO-311(b),132.0
183,MICRO-312,
14834,MICRO-313,142.0
15115,MICRO-314,141.0
467,MICRO-315,
179,MICRO-321,137.0
18262,MICRO-321(a),128.0
18273,MICRO-321(b),9.0
10251,MICRO-321(tp),
306,MICRO-330,143.0
14711,MICRO-331,157.0
14788,MICRO-332,
17185,MICRO-333,60.0
18364,MICRO-371,93.0
18365,MICRO-372,98.0
18366,MICRO-373,24.0
16733,MICRO-390,16.0
13845,Lab,20.0
15218,MICRO-401,175.0
17186,MICRO-405,5.0
15522,MICRO-406,57.0
17095,MICRO-410,20.0
15813,MICRO-413,33.0
14322,MICRO-420,
2681,MICRO-421,
6551,MICRO-422,
9471,MICRO-423,
15325,MICRO-424,16.0
15844,MICRO-426,
17077,MICRO-427,8.0
15869,MICRO-428,24.0
16878,MICRO-429,17.0
14802,MICRO-431,23.0
16774,MICRO-435,24.0
15098,MICRO-443,29.0
17187,MICRO-444,
15832,MICRO-448,29.0
155,MICRO-450,
13957,MICRO-451,35.0
15293,MICRO-452,234.0
524,MICRO-453,204.0
14821,MICRO-455,284.0
16356,MICRO-457,17.0
16870,MICRO-462,10.0
15794,MICRO-470,23.0
18247,MICRO-471,25.0
14759,MICRO-486,2.0
15733,MICRO-488,7.0
18302,MICRO-489,5.0
14819,MICRO-498,45.0
14655,MICRO-499,18.0
15799,MICRO-502,
15332,MICRO-503,17.0
15315,MICRO-505,36.0
15747,MICRO-507,90.0
14983,MICRO-510,70.0
522,MICRO-511,
463,MICRO-512,
216,MICRO-515,51.0
17188,MICRO-516,34.0
17070,MICRO-517,20.0
2591,MICRO-520,25.0
13501,MICRO-523,
1301,MICRO-530,45.0
11841,MICRO-534,23.0
13939,MICRO-553,48.0
14533,MICRO-563,22.0
5671,MICRO-565,
7341,MICRO-566,
1381,MICRO-568,
14885,MICRO-570,5.0
17189,MICRO-573,52.0
15756,MICRO-580,149.0
15776,MICRO-581,59.0
15752,MICRO-582,16.0
14829,MICRO-597,41.0
16170,MICRO-598,114.0
14604,MICRO-599,36.0
18315,SSIE-101,181.0
15669,StarterGuide,0.0
18422,NX-599,5.0
17193,NX-414,66.0
17098,NX-421,
17100,NX-422,106.0
17194,NX-423,122.0
18367,NX-435,56.0
18276,NX-436,44.0
17101,NX-450,61.0
17195,NX-465,86.0
17102,NX-491,69.0
18228,NX-492,52.0
18279,NX-493,22.0
17099,NX-591,8.0
18433,PHYS-310,102.0
18432,MATH-206,105.0
14104,MATH-100(b),383.0
14144,MATH-115(b),220.0
14316,MATH-233,109.0
10691,PHYS-100,
14838,PHYS-101(a),284.0
15445,PHYS-101(c),
14001,PHYS-101(d),457.0
15221,PHYS-101(en),408.0
14237,PHYS-101(f),243.0
16738,PHYS-101(j),162.0
17026,PHYS-101(k),249.0
18235,PHYS-101(l),249.0
10421,PHYS-105,
13001,PHYS-106(a),
17235,PHYS-106(b),361.0
15831,PHYS-106(d),426.0
13151,PHYS-106(en),155.0
15061,PHYS-106(h),
4841,PHYS-106(i),93.0
18368,PHYS-106(pi),0.0
15382,PHYS-108,152.0
16627,PHYS-114,252.0
15851,PHYS-117,
15730,PHYS-118,234.0
16272,PHYS-200,102.0
14288,PHYS-201(a),194.0
17035,PHYS-201(b),330.0
15296,PHYS-201(c),
15266,PHYS-201(d),128.0
15664,PHYS-201(e),172.0
10791,PHYS-202,121.0
14585,PHYS-204,114.0
18220,PHYS-204(EL),120.0
16011,PHYS-206,
18369,PHYS-207,201.0
14289,PHYS-207(a),182.0
3571,PHYS-207(c),
287,PHYS-210,
15056,PHYS-211,112.0
18221,PHYS-211(EL),
14376,PHYS-216,117.0
18292,PHYS-231,112.0
14670,PHYS-300(a),23.0
15830,PHYS-301,88.0
14778,PHYS-302,29.0
14196,PHYS-309,104.0
5661,PHYS-311,
11431,PHYS-313,164.0
13975,PHYS-314,131.0
18241,PHYS-315,109.0
13011,PHYS-316,97.0
15712,PHYS-317,33.0
14530,PHYS-318,11.0
14750,PHYS-319,130.0
15114,PHYS-320,101.0
15028,PHYS-323,56.0
17016,PHYS-324,129.0
15135,PHYS-325,69.0
15486,PHYS-331,56.0
6981,PHYS-332,
15911,Phys-Exo,
14049,PHYS-UNIL,53.0
10631,PHYS-xxx(exo),
11501,PHYS-307,
2861,PHYS-400,
14523,PHYS-401,21.0
14922,PHYS-402,21.0
3711,PHYS-403,
15458,PHYS-405,16.0
7781,PHYS-407,
14833,PHYS-415,31.0
15032,PHYS-416,28.0
6411,PHYS-419,
15665,PHYS-420,27.0
14632,PHYS-421,115.0
16985,PHYS-421(b),3.0
14867,PHYS-422,82.0
16719,PHYS-422(b),3.0
14733,PHYS-423,38.0
14996,PHYS-424,29.0
14069,PHYS-425,54.0
13838,PHYS-426,
14022,PHYS-427,
14203,PHYS-428,36.0
18236,PHYS-431,56.0
18237,PHYS-432,42.0
14314,PHYS-433,38.0
14200,PHYS-434,
10801,PHYS-435,52.0
13933,PHYS-436,26.0
17034,PHYS-438,
14967,PHYS-439,25.0
15113,PHYS-440,13.0
10811,PHYS-441,18.0
15469,PHYS-442,
8691,PHYS-443,32.0
14650,PHYS-445,54.0
13759,PHYS-448,36.0
14286,PHYS-450,43.0
15497,PHYS-451,24.0
15485,PHYS-452,14.0
14570,PHYS-453,
15072,PHYS-454,36.0
14300,PHYS-455,12.0
15697,PHYS-460,71.0
16477,PHYS-461,12.0
16438,PHYS-462,16.0
16937,PHYS-463,77.0
16956,PHYS-464,42.0
18283,PHYS-465,29.0
16983,PHYS-466,21.0
16718,PHYS-467,150.0
16957,PHYS-468,29.0
16776,PHYS-470,2.0
18370,PHYS-471,23.0
15509,PHYS-490,1.0
16958,PHYS-491,33.0
16006,PHYS-501,13.0
17068,PHYS-502,2.0
16765,PHYS-512,49.0
17196,PHYS-550,67.0
14583,PHYS-595,10.0
14777,PHYS-596,8.0
15258,PHYS-597,41.0
15489,PHYS-598,13.0
15379,PHYS-599(a),17.0
15378,PHYS-599(b),50.0
16055,ENG-267,104.0
15939,ENG-270,88.0
7381,ENG-272,
7321,ENG-366,
15821,ENV-103,77.0
444,ENV-140,
501,ENV-167,113.0
2521,ENV-200,
4181,ENV-202,
5251,ENV-220,88.0
2481,ENV-221,
4061,ENV-222,
14717,ENV-300,53.0
4281,ENV-304,
13910,ENV-320,73.0
15052,ENV-321,56.0
5041,ENV-341,
16108,ENV-361,35.0
5231,ENV-367,
14747,ENV-370,
16154,ENG-410,174.0
16968,ENG-411,3.0
16113,ENG-412,35.0
15932,ENG-413,13.0
8881,ENG-420,
14722,ENG-422,1.0
15172,ENG-435,22.0
14937,ENG-436,17.0
15472,ENG-466,10.0
15104,ENG-472(b),1.0
9671,ENV-306,
14664,ENV-402,24.0
3671,ENV-405,
14064,ENV-406,18.0
17071,ENV-407,97.0
17146,ENV-408,64.0
17147,ENV-409,63.0
16647,ENV-410,107.0
9201,ENV-417,
8921,ENV-418,
15083,ENV-420,33.0
16785,ENV-422,64.0
2801,ENV-424,
14185,ENV-425,27.0
6351,ENV-444,
15575,ENV-461,50.0
18354,ENV-462,57.0
7531,ENV-466,
495,ENV-468,
271,ENV-469,
15328,ENV-470,58.0
16945,ENV-471,52.0
16782,ENV-491,15.0
304,ENV-500,
515,ENV-501,
7931,ENV-504,
16088,ENV-507,
14976,ENV-509,24.0
16376,ENV-510,
17085,ENV-512,39.0
17087,ENV-513,34.0
16101,ENV-523,18.0
14639,ENV-524,25.0
9791,ENV-525,
18355,ENV-526,73.0
13551,ENV-540,109.0
13837,ENV-542,
7541,ENV-548,24.0
18304,ENV-549,21.0
17079,ENV-591(a),10.0
17154,ENV-591(b),33.0
16149,ENV-596,69.0
14831,ENV-597,4.0
14768,ENV-598,24.0
14571,ENV-599,29.0
18443,QUANT-599,3.0
18392,QUANT-403,4.0
17107,QUANT-400,52.0
17106,QUANT-401,10.0
17108,QUANT-402,13.0
17105,QUANT-597,4.0
18334,BIO-110,211.0
15191,BIO-109,249.0
7711,BIO-203,
9191,BIO-204,
13778,BIO-205,
14032,BIO-207,
16732,BIO-210,193.0
14315,BIO-212,
14151,BIO-213,
12601,BIO-221,50.0
15542,BIO-244,26.0
16361,BIO-310,36.0
17028,BIO-311,125.0
15429,BIO-320,26.0
17167,BIO-320(2023),50.0
15604,BIO-321,23.0
15948,BIO-322,91.0
14291,BIO-341,133.0
16446,BIO-369,125.0
407,BIO-372,
371,BIO-373,
481,BIO-377,149.0
14588,BIO-378,123.0
13830,BIO-392,80.0
15815,BIOENG-110,223.0
11771,BIOENG-312,18.0
15431,BIOENG-315,4.0
16451,BIOENG-320,97.0
16035,BIOENG-390,122.0
15624,BIOENG-399,122.0
14854,EE-295,
14255,EE-296,53.0
14074,MATH-231,
14184,MATH-236,208.0
7131,MATH-251(c),185.0
14311,ME-231(b),52.0
14337,MICRO-310(b),
349,BIO-105,
17168,BIO-105,86.0
6741,BIO-315,
15721,BIO-410,33.0
17061,BIO-411,134.0
18250,BIO-413,31.0
14457,BIO-441,22.0
15044,BIO-443,25.0
14516,BIO-447,122.0
16339,BIO-449,62.0
14501,BIO-450,25.0
466,BIO-455,34.0
11181,BIO-463,137.0
15257,BIO-464,9.0
14856,BIO-467,32.0
14764,BIO-468,10.0
373,BIO-471,
14431,BIO-472,17.0
13803,BIO-477,
1491,BIO-478,31.0
14347,BIO-479,
14320,BIO-480,98.0
14321,BIO-482,98.0
14176,BIO-483,104.0
14692,BIO-488,18.0
16729,BIO-490,26.0
13856,BIO-491,
17096,BIO-492,1.0
14506,BIO-493,13.0
13991,BIO-494,16.0
18244,BIO-497,25.0
17135,BIO-498,
18335,BIO-499,24.0
14601,BIO-501,54.0
14531,BIO-502,18.0
14693,BIO-503,31.0
14513,BIO-504,9.0
15300,BIO-506,1.0
16740,BIO-510,4.0
16711,BIO-511,5.0
17136,BIO-512,35.0
16139,BIO-597,96.0
14961,BIOENG-420,
18296,BIOENG-421,17.0
15516,BIOENG-430,18.0
9661,BIOENG-444,
1291,BIOENG-445,
14338,BIOENG-451,12.0
15719,BIOENG-455,16.0
15802,BIOENG-456,
14735,BIOENG-490,0.0
16940,BIOENG-518,25.0
16764,BIOENG-519,11.0
16770,BIOENG-596,25.0
14442,CS-432,126.0
14855,EE-515,13.0
420,ME-481,
15457,MICRO-561,53.0
14294,MICRO-562,14.0
18424,HUM-359,3.0
18421,MGT-303,84.0
14514,HUM-114,41.0
14423,HUM-120(a),
14424,HUM-120(b),
14179,HUM-121(a),176.0
14384,HUM-121(b),174.0
15387,HUM-122(a),168.0
15648,HUM-122(b),162.0
14182,HUM-123(a),168.0
14186,HUM-123(b),170.0
13982,HUM-124(a),
14412,HUM-124(b),152.0
15805,HUM-125(a),181.0
15806,HUM-125(b),178.0
18313,HUM-126,173.0
13996,HUM-201,78.0
14779,HUM-202,34.0
14739,HUM-203(a),80.0
14095,HUM-204,61.0
14526,HUM-205,50.0
14732,HUM-206,49.0
14766,HUM-207(a),34.0
14668,HUM-208,56.0
11151,HUM-213,82.0
14607,HUM-215,84.0
14754,HUM-216,
14192,HUM-217,22.0
14565,HUM-218,84.0
14673,HUM-219,22.0
8311,HUM-220,76.0
14512,HUM-221(a),81.0
14576,HUM-222,22.0
16178,HUM-224,51.0
16166,HUM-225,48.0
17209,HUM-226,86.0
15063,HUM-228,6.0
12981,HUM-229,
13940,HUM-230,56.0
15490,HUM-233,82.0
14933,HUM-234,85.0
14938,HUM-237,84.0
15161,HUM-238,81.0
16124,HUM-239,49.0
15167,HUM-240,86.0
14813,HUM-241,32.0
15981,HUM-247,82.0
15352,HUM-248(a),81.0
11881,HUM-249,13.0
13937,HUM-250,32.0
14960,HUM-251,36.0
16221,HUM-254,74.0
14485,HUM-256,84.0
13839,HUM-257,
14447,HUM-261,
15873,HUM-262,86.0
14438,HUM-263,50.0
15574,HUM-266,85.0
15064,HUM-269,84.0
16450,HUM-274,74.0
16363,HUM-275,92.0
14909,HUM-276,2.0
15011,HUM-277,64.0
17080,HUM-279,85.0
17149,HUM-280,
18356,HUM-281,88.0
15170,HUM-301,21.0
14096,HUM-304,72.0
14500,HUM-305,47.0
14612,HUM-306,50.0
14943,HUM-307,76.0
15303,HUM-311,10.0
14651,HUM-314,84.0
14223,HUM-315,68.0
14709,HUM-317,18.0
8681,HUM-320,26.0
14466,HUM-322,32.0
16153,HUM-323,38.0
16167,HUM-324,84.0
16135,HUM-326,48.0
16175,HUM-327,48.0
15995,HUM-330,25.0
15025,HUM-331,6.0
12991,HUM-332,18.0
17205,HUM-335,15.0
16128,HUM-337,84.0
16186,HUM-339,75.0
13191,HUM-340,27.0
18293,HUM-341,82.0
18218,HUM-342,18.0
16129,HUM-343,27.0
16122,HUM-345,37.0
18357,HUM-349,10.0
14972,HUM-350,45.0
18256,HUM-351,27.0
14660,HUM-352,63.0
13772,HUM-353,
14035,HUM-357,65.0
14484,HUM-358,22.0
14405,HUM-365,87.0
18215,HUM-366,10.0
14977,HUM-369,21.0
18216,HUM-371,40.0
15750,HUM-373,
15746,HUM-378,
15942,HUM-379,2.0
15875,HUM-380,35.0
16094,HUM-385,
16447,HUM-387,1.0
16442,HUM-388,55.0
16430,HUM-390,16.0
16730,HUM-391,86.0
16786,HUM-392,
16692,HUM-393,2.0
16705,HUM-394,50.0
16333,MGT-201,45.0
14590,MGT-202,83.0
16468,MGT-203,43.0
16328,MGT-300,87.0
16435,MGT-302,87.0
18426,HUM-459,57.0
15357,DH-401,41.0
15369,DH-404,22.0
15281,DH-405,36.0
15513,DH-406,24.0
16109,DH-411,36.0
16000,DH-412,24.0
17044,DH-413(a),6.0
17144,DH-413(b),4.0
18351,DH-414,28.0
18252,DH-415,82.0
15677,DH-490,6.0
17056,DH-491,1.0
15865,DH-499,9.0
16664,HUM-397,
16665,HUM-398,
14762,HUM-400,4.0
15989,HUM-401,35.0
16381,HUM-402,31.0
15994,HUM-403,57.0
15956,HUM-404,40.0
16134,HUM-405,40.0
15998,HUM-406,13.0
15990,HUM-407,49.0
15943,HUM-408,49.0
15985,HUM-409,52.0
13481,HUM-410,70.0
16165,HUM-411,49.0
15937,HUM-412,
16156,HUM-413,49.0
16098,HUM-415,3.0
15958,HUM-416,60.0
15961,HUM-417,64.0
16002,HUM-418,21.0
15970,HUM-419,63.0
15936,HUM-420,63.0
16106,HUM-421,60.0
15979,HUM-422,70.0
18224,HUM-425,
16086,HUM-427,61.0
16001,HUM-428,1.0
15963,HUM-429,15.0
16177,HUM-430,14.0
13735,HUM-432,64.0
16140,HUM-433,61.0
15929,HUM-434,61.0
15997,HUM-435,63.0
14228,HUM-436,64.0
15966,HUM-437,21.0
16136,HUM-438,63.0
15973,HUM-441,36.0
16105,HUM-443,27.0
15904,HUM-444,60.0
15905,HUM-445,57.0
16138,HUM-448,62.0
16249,HUM-450,25.0
16132,HUM-451,34.0
16173,HUM-452,63.0
16182,HUM-453,64.0
16250,HUM-454,24.0
16152,HUM-455,18.0
16126,HUM-457,51.0
16104,HUM-458,12.0
16127,HUM-461,61.0
16158,HUM-462,61.0
16145,HUM-463,59.0
16143,HUM-464,50.0
16150,HUM-465,64.0
16475,HUM-466,31.0
16061,HUM-467,21.0
15934,HUM-468,50.0
16168,HUM-469,42.0
16151,HUM-470,82.0
15972,HUM-471,83.0
16727,HUM-474,27.0
16949,HUM-475,19.0
16748,HUM-476,34.0
16933,HUM-477,33.0
17029,HUM-478,47.0
17030,HUM-479,38.0
18230,HUM-484,
16432,HUM-499,1.0
18265,HUM-500,60.0
18358,HUM-501,54.0
4011,COM-208,25.0
14236,COM-300,
13833,COM-308,
14587,COM-309,121.0
4241,CS-320,88.0
13726,EE-202(b),120.0
13727,EE-203(b),24.0
14201,EE-381,0.0
13671,COM-401,96.0
15812,COM-402,261.0
15555,COM-405,5.0
523,COM-407,
14557,COM-417,67.0
422,COM-500,21.0
13913,COM-501,47.0
303,COM-502,5.0
13965,COM-506,30.0
14905,COM-512,38.0
13431,COM-514,5.0
15016,COM-516,87.0
472,CS-442,206.0
14114,CS-487,89.0
6881,CS-489,
12821,CS-491,
235,EE-552,14.0
